date,cpi,fed_rate,unemployment,oil,gold,dxy,gdp,us10y,vix,gpr,indpro,neworder,cpi_yoy,fed_6m,unemp_6m,oil_yoy,gold_yoy,dxy_yoy,us10y_6m,vix_ratio,gpr_ratio,indpro_yoy,neworder_yoy,cluster,cluster_name,ym,cluster_new,cluster_name_new
2011-01-31,221.187,0.17,9.1,92.19000244140624,1333.800048828125,77.73999786376953,3.33900335400304,3.378000020980835,17.31549987792969,79.42161560058594,93.4814,60963.0,1.7007834915029774,-0.0099999999999999,-0.3000000000000007,26.478259313168163,23.15789924544089,-2.1646126862833404,0.4709999561309819,0.7760146715357905,0.9550815832970811,4.632504538708293,16.495002961915507,1.0,Growth Risk-On,2011-01,3,Inflation Shock
2011-02-28,221.898,0.16,9.0,96.97000122070312,1409.300048828125,76.88999938964844,3.33900335400304,3.4140000343322754,17.4299999036287,90.01448822021484,93.1102,59078.0,2.124898173333145,-0.03,-0.5,21.72984780670719,26.021638853091456,-4.318070177137523,0.9370000362396236,0.7963437301425411,1.072482199462646,3.827364378514675,10.450942267424468,1.0,Growth Risk-On,2011-02,3,Inflation Shock
2011-03-31,223.046,0.14,9.0,106.72000122070312,1438.9000244140625,75.86000061035156,3.33900335400304,3.4539999961853027,20.72347815140434,136.8883056640625,94.0788,62497.0,2.619241510354109,-0.0499999999999999,-0.5,27.41165054787085,29.24638114663413,-6.426543856031719,0.937000036239624,0.9362788584056212,1.5352774623691507,4.193025357503588,10.6396161948767,1.0,Growth Risk-On,2011-03,3,Inflation Shock
2011-04-30,224.093,0.1,9.1,113.93000030517578,1556.0,72.93000030517578,3.33900335400304,3.2960000038146973,16.244000005722047,91.01776885986328,93.7749,61562.0,3.0772344447868694,-0.09,-0.3000000000000007,32.24608042630381,31.85323550468022,-10.919753440193317,0.6840000152587891,0.7371735462042807,1.0186661620438089,3.505332834432129,17.74764263718609,1.0,Growth Risk-On,2011-04,3,Inflation Shock
2011-05-31,224.806,0.09,9.0,102.6999969482422,1535.9000244140625,74.63999938964844,3.33900335400304,3.049999952316284,16.911428587777273,105.34491729736328,93.888,63711.0,3.4589718808965,-0.1,-0.8000000000000007,38.84006388186725,26.70352138929355,-13.69103088307856,0.2530000209808349,0.8136749337354819,1.1612674494223527,2.248891889831528,11.262268170863754,1.0,Growth Risk-On,2011-05,3,Inflation Shock
2011-06-30,224.806,0.09,9.1,95.41999816894533,1502.300048828125,74.30000305175781,3.33900335400304,3.157999992370605,19.15318202972412,84.391845703125,94.172,63751.0,3.502318150636041,-0.09,-0.200000000000001,26.16686716147274,20.618229532567245,-13.624731514394073,-0.1470000743865971,0.9630967958387416,0.9407151142783334,2.3688810428642126,6.955792299303742,1.0,Growth Risk-On,2011-06,3,Inflation Shock
2011-07-31,225.395,0.07,9.0,95.6999969482422,1628.300048828125,73.9000015258789,3.33900335400304,2.805000066757202,19.22749991416931,78.92475891113281,94.636,64756.0,3.5798809769996165,-0.1,-0.0999999999999996,21.21596028810606,37.79301989590192,-9.369633681465396,-0.5729999542236328,0.993210668479978,0.8801468728498689,2.484132372991299,14.66515564684634,1.0,Growth Risk-On,2011-07,3,Inflation Shock
2011-08-31,226.106,0.1,9.0,88.80999755859375,1828.5,74.12999725341797,3.33900335400304,2.2179999351501465,35.02913035517154,86.95156860351562,95.2749,64464.0,3.75499603070808,-0.06,0.0,23.48442689051882,46.47920599831373,-10.901442340757017,-1.196000099182129,1.732754101425414,0.964320601042607,2.7992943499441703,10.717230008244028,1.0,Growth Risk-On,2011-08,3,Inflation Shock
2011-09-30,226.597,0.08,9.0,79.19999694824219,1620.4000244140625,78.55000305175781,3.33900335400304,1.924000024795532,36.52999977838425,83.35044860839844,95.1961,65581.0,3.812621692818685,-0.06,0.0,-0.9628664007842902,23.902734662385704,-0.215952955169163,-1.5299999713897707,1.7083210987303317,0.91409179494196,2.412383799676609,9.058103568696584,1.0,Growth Risk-On,2011-09,3,Inflation Shock
2011-10-31,226.75,0.07,8.8,93.19000244140624,1724.199951171875,76.16999816894531,3.33900335400304,2.174999952316284,32.82904770260765,76.33993530273438,95.8568,67427.0,3.5222681306640524,-0.03,-0.2999999999999989,14.441854466606172,27.05032659273608,-1.4235777428622365,-1.121000051498413,1.4641742745022226,0.8293651809997826,3.4162150732061747,17.307190452165134,1.0,Growth Risk-On,2011-10,3,Inflation Shock
2011-11-30,227.169,0.08,8.6,100.36000061035156,1745.5,78.38999938964844,3.33900335400304,2.068000078201294,31.941904703776043,83.15767669677734,95.8485,64660.0,3.451432214581729,-0.0099999999999999,-0.4000000000000003,19.319938036001027,26.028880866425983,-3.460588256407049,-0.9819998741149902,1.3645297991696397,0.9129785215535916,3.317419578768788,7.044118864332427,1.0,Growth Risk-On,2011-11,3,Inflation Shock
2011-12-31,227.223,0.07,8.5,98.83000183105467,1565.800048828125,80.16999816894531,3.33900335400304,1.871000051498413,25.047619047619047,85.34132385253906,96.3571,68881.0,3.062066838419386,-0.0199999999999999,-0.5999999999999996,8.152773912846722,10.18225851298926,1.442489443574524,-1.286999940872192,1.0422654850903783,0.947232993369906,2.859134467066693,11.207801223784683,1.0,Growth Risk-On,2011-12,3,Inflation Shock
2012-01-31,227.842,0.08,8.3,98.4800033569336,1737.800048828125,79.27999877929688,2.73120979279709,1.7990000247955322,20.227999877929687,79.63497161865234,96.9318,67784.0,3.0087663379855023,0.0099999999999999,-0.6999999999999993,6.822866632989988,30.28939760160856,1.980963413744896,-1.00600004196167,0.8332987412425947,0.88372181199131,3.691001632410296,11.188753834292942,1.0,Growth Risk-On,2012-01,3,Inflation Shock
2012-02-29,228.329,0.1,8.3,107.06999969482422,1709.9000244140625,78.7300033569336,2.73120979279709,1.976999998092652,18.420499992370605,92.4458236694336,97.2435,69850.0,2.898178442347388,0.0,-0.6999999999999993,10.415590746599612,21.32973569651795,2.393034181156306,-0.2409999370574944,0.7562666655725421,1.0235844164445211,4.439148449901298,18.23352178475912,1.0,Growth Risk-On,2012-02,3,Inflation Shock
2012-03-31,228.807,0.13,8.2,103.0199966430664,1669.300048828125,78.93000030517578,2.73120979279709,2.2160000801086426,16.16727287119085,88.75997924804688,96.74,69491.0,2.5828752813320977,0.05,-0.8000000000000007,-3.467020741486781,16.012232990814223,4.046928117748139,0.2920000553131106,0.6742694691765672,1.0284443771489051,2.8286925428470555,11.190937164983916,2.0,Disinflation Normal,2012-03,3,Inflation Shock
2012-04-30,229.187,0.14,8.2,104.87000274658205,1663.4000244140625,78.79000091552734,2.73120979279709,1.914999961853028,17.822999906539916,96.01668548583984,97.4359,67718.0,2.2731633741348567,0.07,-0.6000000000000014,-7.952249218226449,6.90231519370581,8.03510295602683,-0.2599999904632561,0.7392659953403579,1.1071822668303082,3.9040297563633697,9.99967512426496,2.0,Disinflation Normal,2012-04,2,Growth Risk-On
2012-05-31,228.713,0.16,8.2,86.52999877929688,1562.5999755859375,83.04000091552734,2.73120979279709,1.5809999704360962,21.001818136735395,78.17115783691406,97.6609,69334.0,1.7379429374660749,0.08,-0.4000000000000003,-15.744886708316583,1.738391219966351,11.254021428949624,-0.4870001077651977,0.858973069787223,0.9255714746635154,4.0185114178595605,8.825791464582245,2.0,Disinflation Normal,2012-05,2,Growth Risk-On
2012-06-30,228.524,0.16,8.2,84.95999908447266,1603.5,81.6500015258789,2.73120979279709,1.659000039100647,21.130952290126256,77.82243347167969,97.6663,67543.0,1.653870448297634,0.09,-0.3000000000000007,-10.962061711584592,6.736334146485334,9.89232593840008,-0.2120000123977661,0.8584678114892649,0.9274542203412168,3.7105509068513065,5.948141989929567,2.0,Disinflation Normal,2012-06,2,Growth Risk-On
2012-07-31,228.59,0.16,8.2,88.05999755859375,1610.5,82.63999938964844,2.73120979279709,1.4919999837875366,17.565238180614653,82.80802154541016,97.8713,64800.0,1.4175114798464783,0.08,-0.1000000000000014,-7.98328070353066,-1.0931676161856974,11.826789828561624,-0.3070000410079956,0.7176454362313446,0.9830789800592706,3.418677881567289,0.0679473716721279,2.0,Disinflation Normal,2012-07,2,Growth Risk-On
2012-08-31,229.918,0.13,8.1,96.47000122070312,1684.5999755859375,81.25,2.73120979279709,1.562000036239624,15.689565119536027,74.87835693359375,97.4525,63535.0,1.6859349154821237,0.03,-0.200000000000001,8.625159185547293,-7.869840000769068,9.60475247589969,-0.414999961853028,0.6861953092367277,0.8996857502618251,2.285596731143258,-1.441114420451728,2.0,Disinflation Normal,2012-08,2,Growth Risk-On
2012-09-30,231.015,0.14,7.8,92.19000244140624,1771.0999755859375,79.94000244140625,2.73120979279709,1.6369999647140503,15.28473683407432,69.28050994873047,97.381,63822.0,1.9497168982819613,0.01,-0.3999999999999994,16.401522719316674,9.300169643379764,1.7695726742779971,-0.5790001153945923,0.7245964217546679,0.8443206359265335,2.2951570495009843,-2.6821792897333108,2.0,Disinflation Normal,2012-09,2,Growth Risk-On
2012-10-31,231.638,0.16,7.8,86.23999786376953,1717.5,79.91999816894531,2.73120979279709,1.6859999895095823,16.276190576099214,81.66366577148438,97.7193,66104.0,2.1556780595369363,0.0199999999999999,-0.3999999999999994,-7.457886463740104,-0.3885831899787084,4.9231982278409525,-0.2289999723434457,0.8255851332291547,0.9898820070213692,1.9430024786973863,-1.9621219986059035,2.0,Disinflation Normal,2012-10,2,Growth Risk-On
2012-11-30,231.249,0.16,7.7,88.91000366210938,1710.9000244140625,80.1500015258789,2.73120979279709,1.6059999465942385,16.70190484183175,81.38964080810547,98.0777,66414.0,1.7960197033926262,0.0,-0.4999999999999991,-11.408924749509408,-1.9822386471462283,2.2451870773491533,0.0249999761581423,0.905510788118354,0.9883255072428992,2.3257536633332743,2.7126507887411,2.0,Disinflation Normal,2012-11,2,Growth Risk-On
2012-12-31,231.221,0.16,7.9,91.81999969482422,1674.800048828125,79.7699966430664,2.73120979279709,1.75600004196167,17.306999826431273,74.83155822753906,98.3101,66560.0,1.7595049796895523,0.0,-0.2999999999999989,-7.092989989227894,6.961297522092802,-0.4989416677245839,0.0970000028610229,0.9723207569577736,0.9184577302400224,2.0268355938483085,-3.3695794195786943,2.0,Disinflation Normal,2012-12,2,Growth Risk-On
2013-01-31,231.679,0.14,8.0,97.48999786376952,1660.5999755859375,79.20999908447266,2.88814205849093,1.9850000143051147,13.505238124302457,90.6574935913086,98.3342,69971.0,1.684061762098299,-0.0199999999999999,-0.1999999999999993,-1.0052858036325163,-4.442402524631472,-0.0882942682921661,0.4930000305175781,0.7833914094760772,1.1002953943789742,1.446790423782485,3.2264251150714074,2.0,Disinflation Normal,2013-01,2,Growth Risk-On
2013-02-28,232.937,0.15,7.7,92.0500030517578,1577.699951171875,81.9800033569336,2.88814205849093,1.888000011444092,14.07263163516396,81.59033203125,98.7941,66123.0,2.0181404902574807,0.0199999999999999,-0.3999999999999994,-14.028202751356211,-7.731450456437594,4.128032340181242,0.325999975204468,0.8338285268397814,1.001241626883011,1.594553877637073,-5.335719398711525,2.0,Disinflation Normal,2013-02,2,Growth Risk-On
2013-03-31,232.282,0.14,7.5,97.2300033569336,1594.800048828125,82.98999786376953,2.88814205849093,1.851999998092652,13.031500005722046,75.89672088623047,99.1921,65898.0,1.5187472411246183,0.0,-0.2999999999999998,-5.620261575229336,-4.462948410760559,5.143795189276745,0.2150000333786017,0.7842829437689197,0.9437869883768824,2.534732272069462,-5.170453727820867,2.0,Disinflation Normal,2013-03,2,Growth Risk-On
2013-04-30,231.797,0.15,7.6,93.45999908447266,1472.199951171875,81.7300033569336,2.88814205849093,1.6749999523162842,13.967272715135056,95.10787200927734,99.1065,67834.0,1.138808047576867,-0.01,-0.2000000000000001,-10.880140519955573,-11.49453351183749,3.731441055011908,-0.0110000371932981,0.8571769165064449,1.1837953658217304,1.7145631127746477,0.1712986207507594,2.0,Disinflation Normal,2013-04,2,Growth Risk-On
2013-05-31,231.893,0.11,7.5,91.97000122070312,1392.5999755859375,83.37999725341797,2.88814205849093,2.1640000343322754,13.493636304681951,83.71731567382812,99.1839,69461.0,1.3903888279197083,-0.05,-0.2000000000000001,6.286839845313641,-10.879303894539872,0.4094368185719066,0.5580000877380369,0.8611774470723664,1.036058460671938,1.5594777439077443,0.1831713156604353,2.0,Disinflation Normal,2013-05,2,Growth Risk-On
2013-06-30,232.445,0.09,7.5,96.55999755859376,1223.800048828125,83.16999816894531,2.88814205849093,2.477999925613404,17.271499919891358,82.97300720214844,99.3897,69491.0,1.7157935271568725,-0.07,-0.4000000000000003,13.653482343599888,-23.67944815540225,1.8616002629034067,0.7219998836517343,1.1253843436661837,1.0214215323454656,1.7645800035426706,2.884088654634831,2.0,Disinflation Normal,2013-06,2,Growth Risk-On
2013-07-31,232.9,0.09,7.3,105.02999877929688,1312.4000244140625,81.44999694824219,2.88814205849093,2.5929999351501465,13.97454565221613,73.97581481933594,99.0814,66264.0,1.885471805415806,-0.05,-0.7000000000000002,19.270953544384952,-18.50977805563101,-1.439983603818018,0.6079999208450317,0.9286660819208604,0.9189900982152291,1.2364196654177428,2.2592592592592498,2.0,Disinflation Normal,2013-07,2,Growth Risk-On
2013-08-31,233.456,0.08,7.2,107.6500015258789,1396.0999755859375,82.08999633789062,2.88814205849093,2.749000072479248,14.209999908100476,90.95674896240234,99.6543,65887.0,1.538809488600279,-0.0699999999999999,-0.5,11.589095225155322,-17.12572742378522,1.0338416466346256,0.861000061035156,0.9521142294645992,1.1114417252295552,2.2593571227008,3.7018965924293656,2.0,Disinflation Normal,2013-08,2,Growth Risk-On
2013-09-30,233.544,0.08,7.2,102.33000183105467,1326.5,80.22000122070312,2.88814205849093,2.615000009536743,14.692000102996824,100.4593276977539,100.161,66459.0,1.0947341081747997,-0.06,-0.2999999999999998,10.999022801949888,-25.103042273988475,0.350261159301457,0.7630000114440911,0.9876785644701694,1.1897835909519652,2.854766330187619,4.131804080097767,2.0,Disinflation Normal,2013-09,2,Growth Risk-On
2013-10-31,233.669,0.09,7.2,96.37999725341795,1323.5999755859375,80.19999694824219,2.88814205849093,2.5420000553131104,15.407826050468111,72.95311737060547,100.082,64963.0,0.8767991434911471,-0.06,-0.3999999999999994,11.75788455568638,-22.93449923808224,0.3503488309709146,0.8670001029968262,1.0408638796836762,0.8715078238724887,2.4178437626957816,-1.7260680140384843,2.0,Disinflation Normal,2013-10,2,Growth Risk-On
2013-11-30,234.1,0.08,6.9,92.72000122070312,1250.5999755859375,80.68000030517578,2.88814205849093,2.740999937057495,12.923999977111816,77.77902221679688,100.3158,68320.0,1.2328701961954458,-0.03,-0.5999999999999996,4.285229334904916,-26.90397114149119,0.6612586016305322,0.5769999027252197,0.8920426886504856,0.932510563744822,2.281966236973343,2.869876833197816,2.0,Disinflation Normal,2013-11,2,Growth Risk-On
2013-12-31,234.719,0.09,6.7,98.41999816894533,1201.9000244140625,80.04000091552734,2.88814205849093,3.026000022888184,14.192380905151367,70.37248992919922,100.5175,67592.0,1.5128383667573295,0.0,-0.7999999999999998,7.187974837788125,-28.23620794284999,0.3384784804104646,0.5480000972747798,0.9974583928455396,0.8474875599790995,2.245344069429267,1.5504807692307665,2.0,Disinflation Normal,2013-12,2,Growth Risk-On
2014-01-31,235.288,0.07,6.6,97.48999786376952,1240.0999755859375,81.2699966430664,3.13301748764181,2.6679999828338623,14.240952400934129,77.91596984863281,100.1599,68261.0,1.557758795574915,-0.0199999999999999,-0.7000000000000002,0.0,-25.32217308094491,2.6006786799692927,0.0750000476837158,0.9965778938057878,0.9504867211234664,1.856627704298197,-2.443869603121296,2.0,Disinflation Normal,2014-01,2,Growth Risk-On
2014-02-28,235.547,0.07,6.7,102.58999633789062,1321.4000244140625,79.77999877929688,3.13301748764181,2.657999992370605,15.470000116448654,69.00352478027344,100.9168,67124.0,1.1204746347724948,-0.0099999999999999,-0.5,11.45029107734674,-16.245162875706466,-2.6835868352652947,-0.091000080108643,1.0738356731689187,0.8526752923814106,2.148610089064018,1.5138454093129416,2.0,Disinflation Normal,2014-02,2,Growth Risk-On
2014-03-31,236.028,0.08,6.7,101.58000183105467,1283.4000244140625,80.0999984741211,3.13301748764181,2.7230000495910645,14.836666742960611,119.83855438232422,101.8942,68418.0,1.6126949139408042,0.0,-0.5,4.473926076246371,-19.525960300972045,-3.482346624942023,0.1080000400543212,1.019230622304992,1.416736845931432,2.724108069090181,3.8240917782026873,2.0,Disinflation Normal,2014-03,2,Growth Risk-On
2014-04-30,236.468,0.09,6.2,99.73999786376952,1295.5999755859375,79.48999786376953,3.13301748764181,2.6480000019073486,14.198095321655272,93.22154235839844,101.9928,66400.0,2.015125303606169,0.0,-1.0,6.719450931751836,-11.99565150408839,-2.740738286014066,0.1059999465942382,0.974075707645788,1.104121168437559,2.9123215934373725,-2.1139841377480373,2.0,Disinflation Normal,2014-04,2,Growth Risk-On
2014-05-31,236.918,0.09,6.3,102.70999908447266,1245.5999755859375,80.37000274658203,3.13301748764181,2.4570000171661377,12.475238028026762,83.4288558959961,102.3836,66155.0,2.166947687079812,0.0099999999999999,-0.6000000000000005,11.677718518233403,-10.5557951010411,-3.609971942896117,-0.2839999198913574,0.86088962606608,0.988417455018171,3.226027611336124,-4.759505333928393,2.0,Disinflation Normal,2014-05,2,Growth Risk-On
2014-06-30,237.231,0.1,6.1,105.37000274658205,1321.800048828125,79.77999877929688,3.13301748764181,2.5160000324249268,11.541428565979004,98.76710510253906,102.735,69702.0,2.0589816945944195,0.01,-0.6000000000000005,9.123866415429704,8.007844099519513,-4.075988294195032,-0.5099999904632573,0.823588022446618,1.1521701540455662,3.365841732090935,0.303636442129207,2.0,Disinflation Normal,2014-06,2,Growth Risk-On
2014-07-31,237.498,0.09,6.2,98.16999816894533,1281.300048828125,81.45999908447266,3.13301748764181,2.555999994277954,12.296363613822244,138.7539520263672,102.9632,67519.0,1.9742378703305967,0.0199999999999999,-0.3999999999999994,-6.531467856880302,-2.3697024540838774,0.012280094051853,-0.1119999885559082,0.8863045087818474,1.522746448095225,3.9177888079901857,1.893939393939404,2.0,Disinflation Normal,2014-07,2,Growth Risk-On
2014-08-31,237.46,0.09,6.1,95.95999908447266,1285.800048828125,82.75,3.13301748764181,2.3429999351501465,13.497142927987236,136.44558715820312,102.7688,68326.0,1.7150983482969062,0.0199999999999999,-0.6000000000000005,-10.85926825425636,-7.900575079626371,0.804000111527281,-0.3150000572204585,0.9770384778972948,1.4376072606087902,3.1253041765382905,3.701792462853071,2.0,Disinflation Normal,2014-08,2,Growth Risk-On
2014-09-30,237.477,0.09,5.9,91.16000366210938,1210.5,85.94000244140625,3.13301748764181,2.507999897003174,13.466666630336215,131.55665588378906,103.0641,69490.0,1.6840509711232077,0.0099999999999999,-0.7999999999999998,-10.915663020691436,-8.74481718808896,7.130392836776611,-0.2150001525878906,0.9820916455972248,1.3492570843963727,2.89843352202952,4.560706601062314,2.0,Disinflation Normal,2014-09,2,Growth Risk-On
2014-10-31,237.43,0.09,5.7,80.54000091552734,1171.0999755859375,86.87999725341797,3.13301748764181,2.3350000381469727,18.01608711740245,83.66100311279297,103.0764,65806.0,1.6095417021513292,0.0,-0.5,-16.43494167803462,-11.521607948994603,8.329177754815609,-0.312999963760376,1.2933685292385375,0.8502535807896424,2.9919466037849007,1.2976617459169004,2.0,Disinflation Normal,2014-10,2,Growth Risk-On
2014-11-30,236.983,0.09,5.8,66.1500015258789,1175.199951171875,88.36000061035156,3.13301748764181,2.194000005722046,13.41315786462081,84.38005065917969,103.7126,63797.0,1.231524989320798,0.0,-0.5,-28.656168404893744,-6.029108098993497,9.519088096338413,-0.2630000114440918,0.9601162065364308,0.8527937201316871,3.38610667511996,-6.620316159250583,2.0,Disinflation Normal,2014-11,2,Growth Risk-On
2014-12-31,236.252,0.12,5.6,53.27000045776367,1183.9000244140625,90.2699966430664,3.13301748764181,2.1700000762939453,16.3118182962591,86.5262222290039,103.7044,66039.0,0.6531213919623191,0.0199999999999999,-0.5,-45.87482071852743,-1.4976287240509143,12.781103961175113,-0.3459999561309814,1.1530257324383966,0.8627465802027454,3.170492700276073,-2.2976091845188784,2.0,Disinflation Normal,2014-12,2,Growth Risk-On
2015-01-31,234.747,0.11,5.7,48.2400016784668,1278.5,94.8000030517578,3.11378907834427,1.6749999523162842,19.119499969482423,111.9856948852539,102.8905,64918.0,-0.2299309782054281,0.02,-0.5,-50.5179990403976,3.0965265035118428,16.64821824481484,-0.8810000419616699,1.3137377183662116,1.085861565492778,2.7262407410550527,-4.897379176982463,2.0,Disinflation Normal,2015-01,2,Growth Risk-On
2015-02-28,235.342,0.11,5.5,49.7599983215332,1212.5999755859375,95.25,3.11378907834427,2.002000093460083,15.904210492184289,111.92469787597656,102.2335,63754.0,-0.0870314629352053,0.02,-0.5999999999999996,-51.49624710225784,-8.233695082332792,19.3908265948954,-0.3409998416900635,1.090098679985088,1.04889257766679,1.30473816054415,-5.020558965496691,2.0,Disinflation Normal,2015-02,2,Growth Risk-On
2015-03-31,235.976,0.11,5.4,47.59999847412109,1183.0999755859375,98.36000061035156,3.11378907834427,1.934000015258789,14.812727277929133,104.23526763916016,101.8914,65042.0,-0.0220312844238734,0.02,-0.5,-53.14038431177801,-7.81518208821268,22.79650747075852,-0.5739998817443848,1.0154256135449289,0.9888816730531226,-0.002747948362114,-4.934373995147478,2.0,Disinflation Normal,2015-03,2,Growth Risk-On
2015-04-30,236.222,0.12,5.4,59.630001068115234,1182.4000244140625,94.5999984741211,3.11378907834427,2.0460000038146973,13.494761875697543,102.19049072265624,101.3355,64140.0,-0.1040309893939106,0.03,-0.2999999999999998,-40.21455549902735,-8.737260983713746,19.00868161582692,-0.2890000343322754,0.9288097273687675,0.9626569171994488,-0.6444572558062966,-3.403614457831328,2.0,Disinflation Normal,2015-04,2,Growth Risk-On
2015-05-31,237.001,0.12,5.6,60.29999923706055,1189.4000244140625,96.91000366210938,3.11378907834427,2.095000028610229,13.3385000705719,76.2623291015625,100.8883,62567.0,0.0350332182442958,0.03,-0.2000000000000001,-41.29101375274329,-4.511877992405888,20.579818776018087,-0.0989999771118168,0.9135314229611956,0.722472452570318,-1.460487812501221,-5.423626332098863,2.0,Disinflation Normal,2015-05,2,Growth Risk-On
2015-06-30,237.657,0.13,5.3,59.470001220703125,1171.5,95.48999786376952,3.11378907834427,2.3350000381469727,14.33954551003196,85.90596771240234,100.571,63826.0,0.1795718097550525,0.01,-0.2999999999999998,-43.56078611506709,-11.370861195033031,19.6916511968529,0.1649999618530273,0.9666540112074108,0.8221795008088421,-2.106390227283794,-8.430174170038162,2.0,Disinflation Normal,2015-06,2,Growth Risk-On
2015-07-31,238.034,0.13,5.2,47.119998931884766,1094.9000244140625,97.37000274658205,3.11378907834427,2.2049999237060547,14.35272723978216,106.80866241455078,101.2228,63498.0,0.2256861110409458,0.02,-0.5,-52.00163001857882,-14.547726317855346,19.53106290316917,0.5299999713897705,0.9564932767992184,1.0489583190242429,-1.6903126553953207,-5.955360713280711,2.0,Disinflation Normal,2015-07,2,Growth Risk-On
2015-08-31,238.033,0.14,5.1,49.20000076293945,1131.5999755859375,95.9499969482422,3.11378907834427,2.200000047683716,19.42809536343529,82.47853088378906,101.0367,63168.0,0.2413037985344868,0.03,-0.4000000000000003,-48.7286356478295,-11.9925390718973,15.951657943495112,0.1979999542236328,1.2534403484043526,0.8474434226108878,-1.6854337113987985,-7.549102830547671,2.0,Disinflation Normal,2015-08,2,Growth Risk-On
2015-09-30,237.498,0.14,5.0,45.09000015258789,1115.5,96.3499984741211,3.11378907834427,2.059999942779541,24.3771428607759,98.7674560546875,100.7547,63297.0,0.00884296163417,0.03,-0.4000000000000003,-50.53751827422366,-7.847996695580339,12.113097203845635,0.1259999275207519,1.4855938172570682,1.0441211661922989,-2.2407414414912674,-8.912073679666143,2.0,Disinflation Normal,2015-09,2,Growth Risk-On
2015-10-31,237.733,0.12,5.0,46.59000015258789,1141.5,96.9499969482422,3.11378907834427,2.151000022888184,16.789545449343596,91.931884765625,100.2675,63423.0,0.127616560670507,0.0,-0.4000000000000003,-42.15296793769245,-2.5275361799173224,11.59069983099943,0.1050000190734867,1.0296032391721306,0.9648288137981208,-2.72506606749946,-3.621250341914106,2.0,Disinflation Normal,2015-10,2,Growth Risk-On
2015-11-30,238.017,0.12,5.1,41.650001525878906,1065.800048828125,100.16999816894533,3.11378907834427,2.2179999351501465,16.209999990463256,150.71588134765625,99.5298,62071.0,0.4363182169185187,0.0,-0.5,-37.037036182705485,-9.309045855104026,13.365773514051105,0.1229999065399174,0.9800554063709652,1.4950327453650898,-4.033068306068888,-2.705456369421755,2.0,Disinflation Normal,2015-11,2,Growth Risk-On
2015-12-31,237.761,0.24,5.0,37.040000915527344,1060.300048828125,98.62999725341795,3.11378907834427,2.2690000534057617,18.02545473792336,148.23687744140625,99.0417,60201.0,0.6387247515364791,0.1099999999999999,-0.2999999999999998,-30.467428952069653,-10.440068674473569,9.261106592711576,-0.0659999847412109,1.0804888759160027,1.3990729374427853,-4.496144811599123,-8.84023077272521,2.0,Disinflation Normal,2015-12,2,Growth Risk-On
2016-01-31,237.652,0.34,4.8,33.619998931884766,1116.4000244140625,99.61000061035156,2.7935920724707,1.930999994277954,23.717894805105107,118.21114349365234,99.5607,61840.0,1.2375025026943876,0.21,-0.4000000000000003,-30.30680397573049,-12.678918700503516,5.073836923789621,-0.2739999294281006,1.3897841491585914,1.1102511774045336,-3.236256019749162,-4.741366030992944,2.0,Disinflation Normal,2016-01,2,Growth Risk-On
2016-02-29,237.336,0.38,4.9,33.75,1233.9000244140625,98.20999908447266,2.7935920724707,1.7400000095367432,22.516999816894533,103.74964904785156,99.0445,60985.0,0.8472775790126619,0.24,-0.1999999999999993,-32.17443501119456,1.7565602224123955,3.1076105873728777,-0.4600000381469726,1.278144079972556,0.9807022724510408,-3.11932976959608,-4.3432568936851,2.0,Disinflation Normal,2016-02,2,Growth Risk-On
2016-03-31,238.08,0.36,5.0,38.34000015258789,1234.199951171875,94.58999633789062,2.7935920724707,1.7860000133514404,15.849090966311367,109.72029113769533,98.3096,60742.0,0.8916160965521946,0.2199999999999999,0.0,-19.45377861003005,4.319159550369345,-3.8328632056394807,-0.2739999294281006,0.8952612861726493,1.0326784395394024,-3.515311400177057,-6.6111128194089925,2.0,Disinflation Normal,2016-03,2,Growth Risk-On
2016-04-30,238.992,0.37,5.1,45.91999816894531,1289.199951171875,93.08000183105467,2.7935920724707,1.819000005722046,14.300476255871,85.22145080566406,98.6421,61003.0,1.1726257503534845,0.25,0.0999999999999996,-22.991787109829183,9.032469938482723,-1.6067618050567225,-0.3320000171661381,0.8047332147441633,0.8129166768931874,-2.657903696138076,-4.890863735578421,2.0,Disinflation Normal,2016-04,2,Growth Risk-On
2016-05-31,239.557,0.37,4.8,49.09999847412109,1214.800048828125,95.88999938964844,2.7935920724707,1.8339999914169312,14.852857044764928,88.3324203491211,98.4184,59411.0,1.0784764621246223,0.25,-0.2999999999999998,-18.57379917851792,2.135532528391826,-1.0525273283626402,-0.3839999437332153,0.8299237548446522,0.8345843288413615,-2.448153056399993,-5.044192625505461,2.0,Disinflation Normal,2016-05,2,Growth Risk-On
2016-06-30,240.222,0.38,4.9,48.33000183105469,1318.4000244140625,96.13999938964844,2.7935920724707,1.4880000352859497,17.774545496160332,90.16812896728516,98.8833,59363.0,1.0792865347959424,0.14,-0.0999999999999996,-18.73213243817843,12.539481384042883,0.6807011628654935,-0.781000018119812,0.9775417040252316,0.8490791543805948,-1.678117946525337,-6.992448218594305,2.0,Disinflation Normal,2016-06,2,Growth Risk-On
2016-07-31,240.101,0.39,4.8,41.59999847412109,1349.0,95.52999877929688,2.7935920724707,1.4579999446868896,13.158500051498413,114.6104507446289,98.9992,59725.0,0.8683633430518256,0.0499999999999999,0.0,-11.714772034997756,23.207596120195497,-1.8897031070996493,-0.4730000495910644,0.7276569675498243,1.072676104947719,-2.196738284260069,-5.941919430533249,2.0,Disinflation Normal,2016-07,2,Growth Risk-On
2016-08-31,240.545,0.4,4.9,44.70000076293945,1306.9000244140625,96.0199966430664,2.7935920724707,1.5679999589920044,12.3995652406112,98.73848724365234,98.85,61548.0,1.0553158595656864,0.02,0.0,-9.14634132158324,15.491344345191903,0.0729543481506889,-0.1720000505447387,0.708640825243387,0.9125524383327088,-2.164263084601936,-2.564589665653494,2.0,Disinflation Normal,2016-08,2,Growth Risk-On
2016-09-30,241.176,0.4,5.0,48.2400016784668,1313.300048828125,95.45999908447266,2.7935920724707,1.6080000400543213,14.219523793175108,104.54522705078124,98.7457,59556.0,1.5486446201652182,0.04,0.0,6.9860313045444045,17.73196314012775,-0.923715001290304,-0.1779999732971191,0.8539636768148523,0.9619384626675912,-1.9939516469206888,-5.910232712450824,2.0,Disinflation Normal,2016-09,2,Growth Risk-On
2016-10-31,241.741,0.4,4.9,46.86000061035156,1271.5,98.4499969482422,2.7935920724707,1.8339999914169312,14.58523804800851,85.74778747558594,98.7611,59386.0,1.685924966243646,0.03,-0.1999999999999993,0.5795244835359314,11.388523872098125,1.5471893215229129,0.0149999856948852,0.8856977230183481,0.7927389812120668,-1.5023811304759715,-6.365198744934808,2.0,Disinflation Normal,2016-10,2,Growth Risk-On
2016-11-30,242.026,0.41,4.7,49.43999862670898,1170.800048828125,101.5,2.7935920724707,2.368000030517578,15.236190387180873,82.91875457763672,98.3491,59397.0,1.6843334719788938,0.0399999999999999,-0.0999999999999996,18.703473746549125,9.851754099228115,1.3277446893944278,0.534000039100647,0.9298092497402608,0.8088315024884327,-1.1862778785850958,-4.307969905430875,2.0,Disinflation Normal,2016-11,2,Growth Risk-On
2016-12-31,242.637,0.54,4.7,53.720001220703125,1150.0,102.38999938964844,2.7935920724707,2.446000099182129,12.472380956013998,102.1804656982422,99.0214,59545.0,2.0507989115119862,0.16,-0.2000000000000001,45.03239711903853,8.45986485344541,3.812229789046429,0.9580000638961792,0.7832636371746242,1.035486666048658,-0.0204964171657051,-1.0896828956329596,2.0,Disinflation Normal,2016-12,2,Growth Risk-On
2017-01-31,243.618,0.65,4.7,52.810001373291016,1208.5999755859375,99.51000213623048,3.45183009055702,2.450999975204468,11.608500003814695,105.20123291015624,98.7611,60620.0,2.510393348257112,0.26,-0.0999999999999996,57.07912864686829,8.25868408774586,-0.1003899944868491,0.9930000305175786,0.7783370921996208,1.0779419109555577,-0.8031281419274894,-1.9728331177231608,2.0,Disinflation Normal,2017-01,2,Growth Risk-On
2017-02-28,244.006,0.66,4.6,54.0099983215332,1252.5999755859375,101.12000274658205,3.45183009055702,2.3580000400543213,11.530526361967388,114.20635986328124,98.3646,60640.0,2.8103616813294208,0.26,-0.3000000000000007,60.029624656394674,1.5155159090587622,2.9630421436074306,0.7900000810623169,0.8236708276156519,1.1598567122227486,-0.6864591168616152,-0.5657128802164513,2.0,Disinflation Normal,2017-02,2,Growth Risk-On
2017-03-31,243.892,0.79,4.4,50.59999847412109,1247.300048828125,100.3499984741211,3.45183009055702,2.3959999084472656,11.897826111834982,96.63587951660156,99.0137,61260.0,2.44119623655914,0.39,-0.5999999999999996,31.97704296489332,1.061424256564858,6.089441124043193,0.7879998683929443,0.8703808944945876,0.9924039019890394,0.7162067590550603,0.8527871983141866,2.0,Disinflation Normal,2017-03,2,Growth Risk-On
2017-04-30,244.193,0.9,4.4,49.33000183105469,1266.0999755859375,99.0500030517578,3.45183009055702,2.282000064849853,13.136315847698013,119.45992279052734,100.0224,61185.0,2.176223471915395,0.5,-0.5,7.425966459239719,-1.7918070478469827,6.413838744372824,0.4480000734329219,0.9678509494820812,1.1918727027040197,1.3993011097695571,0.2983459829844381,2.0,Disinflation Normal,2017-04,2,Growth Risk-On
2017-05-31,244.004,0.91,4.4,48.31999969482422,1272.0,96.91999816894533,3.45183009055702,2.196000099182129,10.862272782759232,102.57996368408205,100.1408,61230.0,1.856343166761976,0.5,-0.2999999999999998,-1.5885922678958495,4.708589798547824,1.0741461944446362,-0.1719999313354492,0.8204062000522299,1.011476571831195,1.7500792534729248,3.061722576627224,2.0,Disinflation Normal,2017-05,2,Growth Risk-On
2017-06-30,244.163,1.04,4.3,46.040000915527344,1240.699951171875,95.66000366210938,3.45183009055702,2.302000045776367,10.513636328957295,126.7890167236328,100.3471,60153.0,1.640565809959127,0.5,-0.4000000000000003,-4.738259525692579,-5.893512727802008,-0.4992674543232267,-0.1440000534057617,0.8321015693121022,1.21366604786024,1.480330854653911,1.3307952765190478,2.0,Disinflation Normal,2017-06,2,Growth Risk-On
2017-07-31,244.243,1.15,4.3,50.16999816894531,1266.5999755859375,92.86000061035156,3.45183009055702,2.2920000553131104,10.264499998092653,102.81346130371094,100.1068,61167.0,1.7251073506566073,0.4999999999999999,-0.4000000000000003,20.600961560504704,-6.108230127061709,-2.794931647716037,-0.1589999198913578,0.8281914787852854,0.9935135160374272,1.1187969195710634,2.4143993302637057,2.0,Disinflation Normal,2017-07,2,Growth Risk-On
2017-08-31,245.183,1.16,4.4,47.22999954223633,1316.199951171875,92.66999816894533,3.45183009055702,2.121000051498413,11.97565215566884,138.5316162109375,99.6925,61493.0,1.92812155729698,0.4999999999999999,-0.1999999999999993,5.659952429787163,0.711602003526024,-3.488855021078552,-0.2369999885559082,0.9690178185652044,1.2971027063459255,0.8523014668689877,-0.0893611490219048,2.0,Disinflation Normal,2017-08,2,Growth Risk-On
2017-09-30,246.435,1.15,4.3,51.66999816894531,1281.5,93.08000183105467,3.45183009055702,2.325999975204468,10.437999963760376,115.5344467163086,99.7954,63747.0,2.1805652303711787,0.3599999999999999,-0.1000000000000005,7.110274401191785,-2.4213848812768,-2.4931880119880567,-0.0699999332427974,0.8666973367949348,1.0725781621683186,1.0630336308315114,7.037074350191408,2.0,Disinflation Normal,2017-09,2,Growth Risk-On
2017-10-31,246.626,1.15,4.2,54.380001068115234,1267.0,94.5500030517578,3.45183009055702,2.375999927520752,10.125454512509434,91.4615707397461,101.0247,63923.0,2.020757753132485,0.2499999999999999,-0.2000000000000001,16.047802731147364,-0.3539127015336207,-3.96139564995084,0.0939998626708988,0.8675165290658562,0.8453578684929365,2.2919955326540453,7.639847775570008,2.0,Disinflation Normal,2017-10,2,Growth Risk-On
2017-11-30,247.284,1.16,4.2,57.400001525878906,1273.199951171875,93.01000213623048,3.45183009055702,2.4170000553131104,10.540476163228352,92.59601593017578,101.2664,63929.0,2.172493864295566,0.2499999999999999,-0.2000000000000001,16.100329935829926,8.746147768463452,-8.36452991504386,0.2209999561309814,0.9344011249115192,0.8495112591567218,2.9662701539719283,7.630014983921751,1.0,Growth Risk-On,2017-11,3,Inflation Shock
2017-12-31,247.805,1.3,4.1,60.41999816894531,1306.300048828125,92.12000274658205,3.45183009055702,2.4049999713897705,10.264500045776368,82.71825408935547,101.4644,63848.0,2.129930719552253,0.26,-0.2000000000000001,12.472071474302338,13.591308593749996,-10.0302731753944,0.1029999256134033,0.9250237672691703,0.7703513225905718,2.467143465957866,7.226467377613566,1.0,Growth Risk-On,2017-12,3,Inflation Shock
2018-01-31,248.859,1.41,4.0,64.7300033569336,1339.0,89.12999725341797,3.27395826417857,2.720000028610229,11.062381017775763,92.42678833007812,101.4625,64214.0,2.151318868063945,0.26,-0.2999999999999998,22.571485842966087,10.789345279511831,-10.431117133936096,0.4279999732971187,1.0010333257720063,0.8693855336504139,2.735287476546944,5.928736390630163,1.0,Growth Risk-On,2018-01,3,Inflation Shock
2018-02-28,249.529,1.42,4.1,61.63999938964844,1315.5,90.61000061035156,3.27395826417857,2.868000030517578,22.464736637316253,64.49137115478516,101.7085,65778.0,2.263468931091861,0.26,-0.3000000000000007,14.127015932665255,5.021557212200922,-10.393593602414864,0.746999979019165,1.877985497362609,0.6312171889891264,3.3994953469032696,8.472955145118743,1.0,Growth Risk-On,2018-02,3,Inflation Shock
2018-03-31,249.577,1.51,4.0,64.94000244140625,1322.800048828125,90.1500015258789,3.27395826417857,2.740999937057495,19.02380975087484,111.96229553222656,102.2067,64732.0,2.3309497646499366,0.3600000000000001,-0.2999999999999998,28.33992964371181,6.053074404264991,-10.164421627642206,0.4149999618530269,1.5151197183783756,1.0823149081579235,3.224806264183644,5.667646098596157,1.0,Growth Risk-On,2018-03,3,Inflation Shock
2018-04-30,250.227,1.69,4.0,68.56999969482422,1316.199951171875,91.83999633789062,3.27395826417857,2.936000108718872,18.26761904216948,123.2634735107422,103.3329,65742.0,2.4709963021052994,0.54,-0.2000000000000001,39.00262953498896,3.957031557697621,-7.279158497450666,0.5600001811981201,1.4069778789859406,1.1879211132366776,3.309758614070435,7.447903898014219,1.0,Growth Risk-On,2018-04,3,Inflation Shock
2018-05-31,250.792,1.7,3.8,67.04000091552734,1300.0999755859375,93.98999786376952,3.27395826417857,2.822000026702881,14.124545487490566,125.66661834716795,102.4024,67289.0,2.781921607842497,0.54,-0.4000000000000003,38.741724625276255,2.2091175775108107,-3.0231122168083435,0.4049999713897705,1.0655657394683158,1.1890349378290228,2.258420144436624,9.89547607382002,0.0,Inflation Shock,2018-05,3,Inflation Shock
2018-06-30,251.018,1.82,4.0,74.1500015258789,1251.300048828125,94.62999725341795,3.27395826417857,2.8489999771118164,13.678095318022228,103.96858978271484,103.198,68216.0,2.8075506935940187,0.52,-0.0999999999999996,61.05560393434146,0.8543643163875236,-1.0767367439474596,0.4440000057220459,1.0117572361872411,1.0017572788787632,2.8410387544831828,13.404152743836551,0.0,Inflation Shock,2018-06,3,Inflation Shock
2018-07-31,251.214,1.91,3.8,68.76000213623047,1223.699951171875,94.48999786376952,3.27395826417857,2.96399998664856,13.147619065784273,110.02842712402344,103.3646,68880.0,2.854124785561929,0.5,-0.2000000000000001,37.05402560447404,-3.3870223623063467,1.755327635908133,0.2439999580383309,0.9555367215224816,1.0540387872090278,3.2543243815604805,12.60974054637305,0.0,Inflation Shock,2018-07,3,Inflation Shock
2018-08-31,251.663,1.91,3.8,69.80000305175781,1200.300048828125,95.13999938964844,3.27395826417857,2.852999925613404,12.546956518422002,112.74168395996094,104.0327,68087.0,2.642923856874257,0.49,-0.2999999999999998,47.78743114180601,-8.80564554348744,2.665373119140546,-0.0150001049041739,0.9087377318225892,1.1027343951644175,4.353587280888749,10.723171743125226,0.0,Inflation Shock,2018-08,3,Inflation Shock
2018-09-30,252.182,1.95,3.7,73.25,1191.5,95.19000244140624,3.27395826417857,3.055999994277954,12.910526325828153,75.05390930175781,104.1004,68025.0,2.332055105808828,0.4399999999999999,-0.2999999999999998,41.76505244009219,-7.023019898556382,2.266867822135765,0.315000057220459,0.9213209916065656,0.7591561493326849,4.313826088176409,6.710904042543175,2.0,Disinflation Normal,2018-09,2,Growth Risk-On
2018-10-31,252.772,2.19,3.8,65.30999755859375,1212.300048828125,97.12999725341795,3.27395826417857,3.1589999198913574,19.35217363938041,92.0164794921875,103.9856,68616.0,2.492032470218053,0.5,-0.2000000000000001,20.0992943651984,-4.317281071181922,2.7287087449884506,0.2229998111724853,1.3091756759590445,0.9302942209401956,2.930867401734427,7.341645417142506,2.0,Disinflation Normal,2018-10,2,Growth Risk-On
2018-11-30,252.594,2.2,3.8,50.93000030517578,1220.199951171875,97.2699966430664,3.27395826417857,3.013000011444092,19.389047622680664,80.40758514404297,104.0681,66704.0,2.147328577667773,0.5000000000000002,0.0,-11.271778830504232,-4.162739713524011,4.580146660567075,0.1909999847412109,1.2493479014862925,0.821361768681725,2.7666629800210174,4.340753022884769,2.0,Disinflation Normal,2018-11,2,Growth Risk-On
2018-12-31,252.767,2.27,3.9,45.40999984741211,1278.300048828125,96.16999816894533,3.27395826417857,2.686000108718872,24.953157726087067,90.607666015625,104.0936,66641.0,2.0023809043401064,0.4499999999999999,-0.1,-24.842765270469748,-2.14345854347312,4.396434326543219,-0.1629998683929443,1.4903289714663184,0.9193809547648184,2.5912536810940523,4.374451823079806,2.0,Disinflation Normal,2018-12,2,Growth Risk-On
2019-01-31,252.561,2.4,4.0,53.790000915527344,1319.699951171875,95.58000183105467,2.67911757479926,2.634999990463257,19.57238079252697,87.42410278320312,103.4021,68021.0,1.4875893578291333,0.49,0.2000000000000001,-16.900976168780634,-1.4413778064320426,7.236626025352377,-0.3289999961853032,1.1214621613710278,0.8908462518980969,1.9116422323518512,5.928613697947482,2.0,Disinflation Normal,2019-01,2,Growth Risk-On
2019-02-28,253.319,2.4,3.8,57.220001220703125,1312.800048828125,96.16000366210938,2.67911757479926,2.7109999656677246,15.234736844112998,96.80016326904295,102.8371,68101.0,1.5188615351321877,0.49,0.0,-7.170665497585304,-0.2052414421797821,6.125155076010191,-0.1419999599456796,0.9041356975574514,0.9600484360283732,1.1096417703535089,3.531575906838147,2.0,Disinflation Normal,2019-02,2,Growth Risk-On
2019-03-31,254.277,2.41,3.8,60.13999938964844,1293.0,97.27999877929688,2.67911757479926,2.4140000343322754,14.485238075256348,82.32829284667969,102.8757,68651.0,1.8831863513063984,0.4600000000000002,0.0999999999999996,-7.391442672163029,-2.252800705180269,7.909037307527056,-0.6419999599456787,0.8793939759726305,0.8370191155438745,0.6545559146318158,6.054192671321768,2.0,Disinflation Normal,2019-03,2,Growth Risk-On
2019-04-30,255.233,2.42,3.7,63.90999984741211,1282.800048828125,97.4800033569336,2.67911757479926,2.509000062942505,12.949047588166737,79.25344848632812,102.274,67929.0,2.000583470209061,0.2299999999999999,-0.0999999999999996,-6.79597472386142,-2.537600940800256,6.141122870141125,-0.6499998569488525,0.8078700390614372,0.836965520308639,-1.0247462328067725,3.3266405037875257,2.0,Disinflation Normal,2019-04,2,Growth Risk-On
2019-05-31,255.296,2.39,3.6,53.5,1305.800048828125,97.75,2.67911757479926,2.1419999599456787,16.721818056973543,106.4719009399414,102.392,67781.0,1.7959105553606136,0.1899999999999999,-0.1999999999999997,-20.196898464527468,0.4384334550593838,4.000427940939288,-0.8710000514984131,1.0293474694966898,1.1437295129041274,-0.0101560119684762,0.731174486171593,2.0,Disinflation Normal,2019-05,2,Growth Risk-On
2019-06-30,255.213,2.38,3.6,58.470001220703125,1409.699951171875,96.12999725341795,2.67911757479926,2.0,15.835999870300292,106.58845520019533,102.4375,67234.0,1.671194894390049,0.1099999999999998,-0.2999999999999998,-21.14632499326833,12.658826513440612,1.5851210435767094,-0.6860001087188721,0.9641463713068206,1.142302581834372,-0.7369328862962377,-1.439544974785978,2.0,Disinflation Normal,2019-06,2,Growth Risk-On
2019-07-31,255.802,2.4,3.7,58.58000183105469,1426.0999755859375,98.5199966430664,2.67911757479926,2.0209999084472656,13.30590907010165,93.52125549316406,101.9408,66831.0,1.826331335037068,0.0,-0.2999999999999998,-14.805119239244204,16.54000428946936,4.265000392006701,-0.6140000820159912,0.8094562687852533,1.0172587609584356,-1.3774541767684445,-2.9747386759581884,2.0,Disinflation Normal,2019-07,2,Growth Risk-On
2019-08-31,256.036,2.13,3.6,55.09999847412109,1519.0999755859375,98.91999816894533,2.67911757479926,1.50600004196167,18.979090907356955,103.4044189453125,102.639,67236.0,1.7376412106666406,-0.27,-0.1999999999999997,-21.060177557207894,26.560019477551688,3.973091027482356,-1.204999923706055,1.1181210051843111,1.1343617777319313,-1.3396749291328724,-1.249871487949239,2.0,Disinflation Normal,2019-08,2,Growth Risk-On
2019-09-30,256.43,2.04,3.5,54.06999969482422,1465.699951171875,99.37999725341795,2.67911757479926,1.6749999523162842,15.55899987220764,90.36798858642578,102.2917,66378.0,1.6844977040391562,-0.3700000000000001,-0.2999999999999998,-26.18430075791916,23.01300471438312,4.401717307015352,-0.7390000820159912,0.9048665798552392,0.9776631100942056,-1.7374573008364869,-2.421168687982356,2.0,Disinflation Normal,2019-09,2,Growth Risk-On
2019-10-31,257.155,1.83,3.6,54.18000030517578,1511.4000244140625,97.3499984741211,2.67911757479926,1.690999984741211,15.466521760691768,97.83673095703124,101.4281,66137.0,1.7339736996186297,-0.5899999999999999,-0.1,-17.04179707468606,24.672107856059533,0.2265018294288046,-0.818000078201294,0.9167521616406537,1.0529400242854354,-2.4594751580988228,-3.6128599743500014,2.0,Disinflation Normal,2019-10,2,Growth Risk-On
2019-11-30,257.879,1.55,3.6,55.16999816894531,1465.5999755859375,98.2699966430664,2.67911757479926,1.7760000228881836,12.523499965667725,73.07838439941406,101.9372,65331.0,2.092290394862917,-0.8400000000000001,0.0,8.325147925315513,20.111459943788823,1.0280662429438705,-0.3659999370574951,0.7683663034914564,0.7916892873311011,-2.047601522464615,-2.0583473254977225,2.0,Disinflation Normal,2019-11,2,Growth Risk-On
2019-12-31,258.63,1.55,3.6,61.060001373291016,1519.5,96.38999938964844,2.67911757479926,1.919000029563904,13.756666637602306,74.27989196777344,101.7003,64197.0,2.3195274699624457,-0.8299999999999998,0.0,34.463777975041744,18.868805597949702,0.2287628417301457,-0.0809999704360959,0.8952767543067772,0.816744941789285,-2.2991807373363926,-3.66741195360214,2.0,Disinflation Normal,2019-12,2,Growth Risk-On
2020-01-31,259.127,1.55,3.6,51.560001373291016,1582.9000244140625,97.38999938964844,-2.89922310337025,1.5199999809265137,13.94095243726458,138.4209442138672,101.0338,63508.0,2.599767976845202,-0.8499999999999999,-0.1,-4.14575107693036,19.943932937821927,1.89369902063099,-0.500999927520752,0.935851704663848,1.4540627686391827,-2.290379015513233,-6.6347157495479365,2.0,Disinflation Normal,2020-01,2,Growth Risk-On
2020-02-29,259.25,1.58,3.5,44.7599983215332,1564.0999755859375,98.12999725341795,-2.89922310337025,1.1269999742507937,19.628947358382376,75.95555877685547,101.3735,62719.0,2.34131667975952,-0.5499999999999998,-0.1,-21.775607538193643,19.142284994743576,2.0486621425585883,-0.3790000677108762,1.2860710167178595,0.8127158236446717,-1.4232217750208775,-7.902967650988968,2.0,Disinflation Normal,2020-02,2,Growth Risk-On
2020-03-31,258.076,0.65,4.4,20.479999542236328,1583.4000244140625,99.0500030517578,-2.89922310337025,0.6980000138282776,57.7368184002963,81.54003143310547,97.4078,62287.0,1.4940399642909163,-1.39,0.9000000000000004,-65.94612612224032,22.45939863991202,1.819494546331768,-0.9769999384880066,3.060197649596621,0.8730826986878958,-5.315054964389065,-9.270076182429976,3.0,Crisis,2020-03,1,Disinflation Normal
2020-04-30,256.032,0.05,14.8,18.84000015258789,1684.199951171875,99.0199966430664,-2.89922310337025,0.621999979019165,41.45380964733305,69.33940124511719,84.5619,56510.0,0.3130472940411133,-1.78,11.2,-70.5210449107038,31.29091729536808,1.5798043014975782,-1.069000005722046,1.9514636574193456,0.7490719282751104,-17.318282261376304,-16.81019888412901,3.0,Crisis,2020-04,1,Disinflation Normal
2020-05-31,255.802,0.05,13.2,35.4900016784668,1736.9000244140625,98.33999633789062,-2.89922310337025,0.6480000019073486,30.89700002670288,68.50721740722656,85.9604,57570.0,0.1982013035848551,-1.5,9.6,-33.66354826454804,33.01424103734896,0.6035768162564015,-1.128000020980835,1.3778734624254,0.7662712010961851,-16.047738104539413,-15.064693645711923,3.0,Crisis,2020-05,1,Disinflation Normal
2020-06-30,257.042,0.08,11.0,39.27000045776367,1793.0,97.38999938964844,-2.89922310337025,0.652999997138977,31.11954550309615,71.22785949707031,91.5934,59891.0,0.7166562831830481,-1.47,7.4,-32.837353107735346,27.19018671381026,1.310727319495153,-1.266000032424927,1.313209851754922,0.8238564359710987,-10.586064673581452,-10.921557545289584,3.0,Crisis,2020-06,1,Disinflation Normal
2020-07-31,258.352,0.09,10.2,40.27000045776367,1962.800048828125,93.48999786376952,-2.89922310337025,0.5360000133514404,26.84045462174849,66.47328186035156,95.0256,61194.0,0.9968647625897996,-1.46,6.6,-31.256402869527456,37.634112785232674,-5.105561257295155,-0.9839999675750732,1.081178116930127,0.7894441306529055,-6.783544959427434,-8.434708443686311,3.0,Crisis,2020-07,1,Disinflation Normal
2020-08-31,259.316,0.1,8.4,42.61000061035156,1967.5999755859373,92.13999938964844,-2.89922310337025,0.6930000185966492,22.88952382405599,65.46604919433594,95.9549,62016.0,1.2810698495523851,-1.48,4.9,-22.667873338754674,29.52406077335412,-6.854022346136057,-0.4339999556541445,0.9100818137715871,0.8078128233811626,-6.512241935326724,-7.763698018918442,3.0,Crisis,2020-08,1,Disinflation Normal
2020-09-30,259.997,0.09,7.8,40.220001220703125,1887.5,93.88999938964844,-2.89922310337025,0.6769999861717224,27.64761906578428,80.37738037109375,95.9669,63564.0,1.3910228912373812,-0.56,3.3999999999999995,-25.61494091416995,28.77806255576949,-5.524248355300399,-0.0210000276565551,1.0569289332915297,1.0021047557206386,-6.183101854793705,-4.239356413269457,2.0,Disinflation Normal,2020-09,2,Growth Risk-On
2020-10-31,260.319,0.09,6.9,35.790000915527344,1877.4000244140625,94.04000091552734,-2.89922310337025,0.8600000143051147,29.43863608620384,76.08316802978516,96.7394,64014.0,1.2303863428671624,0.0399999999999999,-7.9,-33.94241285726175,24.21595832260824,-3.4001002675656533,0.2380000352859497,1.0774388948990927,0.9705010081636418,-4.622683457542831,-3.210003477629764,2.0,Disinflation Normal,2020-10,2,Growth Risk-On
2020-11-30,260.911,0.09,6.7,45.34000015258789,1775.699951171875,91.87000274658205,-2.89922310337025,0.843999981880188,24.99550008773804,70.06746673583984,97.0816,64376.0,1.1757452138405844,0.0399999999999999,-6.499999999999999,-17.81765151823158,21.15856855564981,-6.512663188267165,0.1959999799728393,0.881298633989144,0.8966357084968672,-4.763324870606622,-1.4617869005525752,2.0,Disinflation Normal,2020-11,2,Growth Risk-On
2020-12-31,262.045,0.09,6.7,48.52000045776367,1893.0999755859373,89.94000244140625,-2.89922310337025,0.9169999957084656,22.374090974981133,64.06729125976562,98.363,65513.0,1.3204191315779434,0.0099999999999999,-4.3,-20.537177585149248,24.587033602233443,-6.691562391414296,0.2639999985694885,0.7693915118561743,0.8288800370070102,-3.28150457766595,2.049940028350239,2.0,Disinflation Normal,2020-12,2,Growth Risk-On
2021-01-31,262.687,0.09,6.4,52.20000076293945,1847.300048828125,90.58000183105467,6.4133496154197,1.093000054359436,24.90999984741211,77.418701171875,98.8822,67186.0,1.3738437137002402,0.0,-3.799999999999999,1.2412710872811816,16.703520142526674,-6.992501900885728,0.5570000410079956,0.8304903244985049,1.072128469440579,-2.12958435691818,5.791396359513756,2.0,Disinflation Normal,2021-01,2,Growth Risk-On
2021-02-28,263.579,0.08,6.2,61.5,1728.0999755859375,90.93000030517578,6.4133496154197,1.4600000381469729,23.14052621941817,73.95680236816406,95.6149,67538.0,1.6698167791706853,-0.02,-2.2,37.39946895934867,10.48526325425987,-7.337202842927204,0.7670000195503237,0.764042543237503,1.026554451430625,-5.680577271180343,7.68347709625472,2.0,Disinflation Normal,2021-02,3,Inflation Shock
2021-03-31,264.961,0.07,6.1,59.15999984741211,1713.800048828125,93.2300033569336,6.4133496154197,1.746000051498413,21.843043534652047,78.61876678466797,98.3856,68846.0,2.6678187820641908,-0.0199999999999999,-1.7000000000000002,188.86719321162687,8.235444133096891,-5.875819803643023,1.069000065326691,0.8002342327071079,1.094964593718318,1.0038210492383517,10.530287218841815,0.0,Inflation Shock,2021-03,3,Inflation Shock
2021-04-30,266.614,0.07,6.1,63.58000183105469,1767.300048828125,91.27999877929688,6.4133496154197,1.63100004196167,17.416190556117467,88.16622161865234,98.5587,70459.0,4.133077115360573,-0.0199999999999999,-0.8000000000000007,237.47346770759577,4.934099279508253,-7.816600814146268,0.7710000276565552,0.6885862730884699,1.2016791925750134,16.55213518144698,24.684126703238363,0.0,Inflation Shock,2021-04,3,Inflation Shock
2021-05-31,268.383,0.06,5.8,66.31999969482422,1902.5,90.02999877929688,6.4133496154197,1.5809999704360962,19.7604998588562,93.00713348388672,99.4333,68635.0,4.918257089467626,-0.03,-0.9000000000000004,86.86953101798025,9.534226107331769,-8.450272389721347,0.7369999885559082,0.8110320212400629,1.2333389885142272,15.673379835366053,19.220079902727115,0.0,Inflation Shock,2021-05,3,Inflation Shock
2021-06-30,270.654,0.08,5.9,73.47000122070312,1770.800048828125,92.44000244140624,6.4133496154197,1.4429999589920044,16.956818147139117,74.12712097167969,99.7987,70341.0,5.295632620349999,-0.0099999999999999,-0.7999999999999998,87.08938213464705,-1.2381456314486838,-5.082654255328334,0.5259999632835388,0.7313888597550622,0.9798376958098508,8.958396565691418,17.448364528894157,0.0,Inflation Shock,2021-06,3,Inflation Shock
2021-07-31,271.903,0.1,5.4,73.94999694824219,1812.5999755859373,92.16999816894533,6.4133496154197,1.2389999628067017,17.60333351861863,58.42076873779297,100.2519,70638.0,5.245169381309234,0.01,-1.0,83.63545097498337,-7.652336942413651,-1.4119154187463456,0.1459999084472656,0.7853495243023557,0.77913674785468,5.4998863464161385,15.432885577017364,0.0,Inflation Shock,2021-07,3,Inflation Shock
2021-08-31,272.676,0.09,5.1,68.5,1815.0,92.62999725341795,6.4133496154197,1.3040000200271606,17.47772723978216,89.4865493774414,100.0437,71394.0,5.152015301793966,0.0099999999999999,-1.1000000000000003,60.76038258342289,-7.755640245954676,0.5317971207025707,-0.1560000181198122,0.7957563958087955,1.1624178920002202,4.261168528131454,15.121904024767808,0.0,Inflation Shock,2021-08,3,Inflation Shock
2021-09-30,273.91,0.08,4.7,75.02999877929688,1755.300048828125,94.25,6.4133496154197,1.5290000438690186,19.8247617994036,80.69696807861328,98.8579,71387.0,5.351215590949132,0.0099999999999999,-1.3999999999999997,86.54897190971593,-7.003970923013247,0.3834280676236146,-0.2170000076293945,0.9302263721675328,1.04787993328394,3.012497017200721,12.307280850796044,0.0,Inflation Shock,2021-09,3,Inflation Shock
2021-10-31,276.55,0.08,4.5,83.56999969482422,1783.0,94.12000274658205,6.4133496154197,1.5570000410079956,17.869047573634557,79.02923583984375,100.1861,72200.0,6.235042390298062,0.0099999999999999,-1.5999999999999996,133.50097110103096,-5.028231766616964,0.085072129174657,-0.0740000009536743,0.8781882255713677,1.0229626282604751,3.5628709708763973,12.787827662698792,0.0,Inflation Shock,2021-10,3,Inflation Shock
2021-11-30,278.919,0.08,4.1,66.18000030517578,1773.5999755859375,95.98999786376952,6.4133496154197,1.4429999589920044,18.500476246788388,86.56914520263672,100.8654,72662.0,6.901970403700863,0.02,-1.7000000000000002,45.96382903055283,-0.1182618484925734,4.484592352252603,-0.1380000114440918,0.9340666850434576,1.100962909106716,3.897545981936834,12.871256368833103,0.0,Inflation Shock,2021-11,3,Inflation Shock
2021-12-31,280.845,0.08,3.9,75.20999908447266,1827.5,95.66999816894533,6.4133496154197,1.5119999647140503,21.35454550656405,105.34542083740234,100.5726,73257.0,7.174340285065539,0.0,-2.0000000000000004,55.00824067374535,-3.4652145386898203,6.37090901934545,0.0690000057220459,1.0828100521458346,1.2836007998430805,2.246373128107116,11.820554699067356,0.0,Inflation Shock,2021-12,3,Inflation Shock
2022-01-31,282.543,0.08,4.0,88.1500015258789,1795.0,96.54000091552734,3.40305483746891,1.781999945640564,23.18100004196167,138.67498779296875,100.1856,75242.0,7.558805726967832,-0.02,-1.4000000000000004,68.86973225575687,-2.8311615571765203,6.579817800830878,0.5429999828338623,1.184073570362379,1.5907668976680944,1.3181341030033655,11.990593278361562,0.0,Inflation Shock,2022-01,3,Inflation Shock
2022-02-28,284.5,0.08,3.9,95.72000122070312,1899.4000244140625,96.70999908447266,3.40305483746891,1.83899998664856,25.74842111687911,216.1590118408203,100.8064,75311.0,7.937278766517819,-0.0099999999999999,-1.1999999999999995,55.64227840764735,9.912623762988204,6.356536632462628,0.5349999666213994,1.3007764247303213,2.1828706872300243,5.429593086433182,11.509076371820305,0.0,Inflation Shock,2022-02,3,Inflation Shock
2022-03-31,287.674,0.2,3.7,100.27999877929688,1949.199951171875,98.30999755859376,3.40305483746891,2.32699990272522,26.968695682028063,318.9549255371094,101.3907,76146.0,8.572204966013853,0.12,-1.0,69.50642163276395,13.73555231864496,5.448883426734708,0.7979998588562016,1.333645119347662,2.679097486284072,3.054410401522168,10.603375650001446,0.0,Inflation Shock,2022-03,3,Inflation Shock
2022-04-30,288.561,0.33,3.7,104.69000244140624,1909.300048828125,102.95999908447266,3.40305483746891,2.88700008392334,24.37350015640259,191.14309692382807,101.44,75944.0,8.231750770777225,0.25,-0.7999999999999998,64.6586968015342,8.034855207193514,12.79579366934096,1.3300000429153442,1.171714511774366,1.497581386061884,2.923435475508507,7.784669098340879,0.0,Inflation Shock,2022-04,0,Crisis
2022-05-31,291.298,0.77,3.6,114.66999816894533,1842.699951171875,101.75,3.40305483746891,2.844000101089477,29.445714587257022,142.25848388671875,101.3335,76640.0,8.538171195642065,0.6900000000000001,-0.4999999999999995,72.90409936159041,-3.143235155223389,13.017884460305272,1.4010001420974727,1.362680553856265,1.079852507656936,1.911029805910092,11.663145625409776,0.0,Inflation Shock,2022-05,0,Crisis
2022-06-30,294.957,1.21,3.6,105.76000213623048,1804.0999755859373,104.69000244140624,3.40305483746891,2.9719998836517334,28.100000018165225,130.7073211669922,101.018,77118.0,8.979361103105798,1.13,-0.2999999999999998,43.949912044411874,1.880501798034695,13.251838680732142,1.459999918937683,1.246823671804442,0.957886815938647,1.2217594016755706,9.634494818100393,0.0,Inflation Shock,2022-06,0,Crisis
2022-07-31,294.913,1.68,3.5,98.62000274658205,1762.9000244140625,105.9000015258789,3.40305483746891,2.6419999599456787,24.86850004196167,117.17676544189452,101.223,77167.0,8.462576727730099,1.6,-0.5,33.36038785181623,-2.741915030414188,14.896391048817016,0.8600000143051147,1.074572151757091,0.8289821957020973,0.968659945597028,9.242900421869235,0.0,Inflation Shock,2022-07,0,Crisis
2022-08-31,295.097,2.33,3.6,89.55000305175781,1712.800048828125,108.6999969482422,3.40305483746891,3.132999897003174,22.169565366662063,132.86322021484375,101.0963,78114.0,8.222579178218826,2.25,-0.2999999999999998,30.72993146242016,-5.63085130423554,17.348591354115882,1.2939999103546138,0.9420354155257864,0.9165200459327134,1.0521402147261716,9.412555676947656,0.0,Inflation Shock,2022-08,0,Crisis
2022-09-30,296.349,2.56,3.5,79.48999786376953,1662.4000244140625,112.12000274658205,3.40305483746891,3.803999900817871,27.406190418061755,131.98587036132812,101.2918,76945.0,8.192106896425821,2.36,-0.2000000000000001,5.944287827581984,-5.292543828964424,18.96021511573691,1.476999998092651,1.1341053509175711,0.8843928752745843,2.462018715752601,7.78573129561404,0.0,Inflation Shock,2022-09,0,Crisis
2022-10-31,298.007,3.08,3.6,86.52999877929688,1635.9000244140625,111.52999877929688,3.40305483746891,4.077000141143799,30.005714416503903,143.16241455078125,101.2529,77151.0,7.758813957693,2.75,-0.1,3.541939805291139,-8.25013884385516,18.49765780350774,1.190000057220459,1.1917973114614226,0.9261177142274712,1.0648183730078251,6.857340720221616,0.0,Inflation Shock,2022-10,0,Crisis
2022-11-30,298.786,3.78,3.6,80.55000305175781,1746.0,105.9499969482422,3.40305483746891,3.703000068664551,23.43619065057664,116.7162857055664,100.9552,76483.0,7.122856456533988,3.01,0.0,21.713512662915768,-1.5561556137718924,10.376080118897455,0.8589999675750737,0.9158994489639454,0.7429631911628283,0.0890295383749073,5.258594588643306,0.0,Inflation Shock,2022-11,0,Crisis
2022-12-31,298.832,4.1,3.5,80.26000213623047,1819.699951171875,103.5199966430664,3.40305483746891,3.878999948501587,21.784285681588308,111.19593811035156,99.7664,76113.0,6.404600402357152,2.89,-0.1,6.7145367813206125,-0.4268152573529415,8.205287576423515,0.9070000648498536,0.8501522555725508,0.7056332319969167,-0.8016099812473643,3.898603546418778,0.0,Inflation Shock,2022-12,0,Crisis
2023-01-31,300.42,4.33,3.5,78.87000274658203,1929.5,102.0999984741211,2.94859475004874,3.5290000438690186,20.20299997329712,104.2670440673828,100.505,75395.0,6.327178517960097,2.6500000000000004,0.0,-10.52750835922841,7.493036211699167,5.759268185069488,0.8870000839233398,0.7961517728093436,0.6739260009987219,0.3188082918103907,0.203343877089912,0.0,Inflation Shock,2023-01,0,Crisis
2023-02-28,301.45,4.57,3.6,77.05000305175781,1828.9000244140625,104.87000274658205,2.94859475004874,3.9159998893737793,20.06210537960655,120.99437713623048,100.6416,74193.0,5.957820738137087,2.24,0.0,-19.50480352157289,-3.71169838337494,8.437600805871082,0.7829999923706055,0.8056437826006102,0.8242939171974172,-0.1634816837026265,-1.4845108948227992,0.0,Inflation Shock,2023-02,0,Crisis
2023-03-31,301.821,4.65,3.5,75.66999816894531,1969.0,102.51000213623048,2.94859475004874,3.49399995803833,21.644347895746645,105.37997436523438,101.0205,73852.0,4.917719362889961,2.0900000000000003,0.0,-24.54128531105684,1.0158038848821604,4.272204945517855,-0.309999942779541,0.8849504541622898,0.816977772647649,-0.3651222449396196,-3.0126336248785246,2.0,Disinflation Normal,2023-03,0,Crisis
2023-04-30,302.845,4.83,3.4,76.77999877929688,1990.0999755859373,101.66999816894533,2.94859475004874,3.45199990272522,17.8178946344476,106.80965423583984,101.253,74424.0,4.950079879124369,1.75,-0.2000000000000001,-26.65966473515966,4.231913512357832,-1.252914653261561,-0.6250002384185787,0.7451457477150157,0.8757776950802109,-0.1843454258675048,-2.0014747708838043,2.0,Disinflation Normal,2023-04,2,Growth Risk-On
2023-05-31,303.334,5.06,3.6,68.08999633789062,1963.9000244140625,104.31999969482422,2.94859475004874,3.63700008392334,17.64409099925648,108.46768188476562,100.9286,75363.0,4.131851231385042,1.2799999999999998,0.0,-40.62091442822522,6.57730919052284,2.525798225871468,-0.0659999847412109,0.7695269356204343,0.910392399951423,-0.3995717112307395,-1.666231732776613,2.0,Disinflation Normal,2023-05,2,Growth Risk-On
2023-06-30,304.014,5.08,3.6,70.63999938964844,1921.0999755859373,102.91000366210938,2.94859475004874,3.819000005722046,13.994285628909156,110.52894592285156,100.1196,74769.0,3.070617072997095,0.9800000000000004,0.1,-33.20726365090616,6.4852281793308375,-1.7002566986213496,-0.059999942779541,0.6433262748524851,0.9409734107881028,-0.8893464531073647,-3.0459814829222776,2.0,Disinflation Normal,2023-06,2,Growth Risk-On
2023-07-31,304.609,5.12,3.5,81.80000305175781,1970.5,101.86000061035156,2.94859475004874,3.9590001106262207,13.943999910354616,107.44878387451172,100.9067,75140.0,3.287749268428297,0.79,0.0,-17.055363239084052,11.77604927737963,-3.8149205451522894,0.4300000667572021,0.6690131583437933,0.921107878932902,-0.3124783892988758,-2.626770510710541,2.0,Disinflation Normal,2023-07,2,Growth Risk-On
2023-08-31,306.082,5.33,3.7,83.62999725341797,1938.199951171875,103.62000274658205,2.94859475004874,4.0929999351501465,15.853912975477137,101.14118194580078,100.8393,74387.0,3.722504803505289,0.7599999999999998,0.1,-6.61083818715028,13.159732363270638,-4.673407860424328,0.1770000457763672,0.7803530050508962,0.8871396993211458,-0.2542130621991156,-4.771231789435948,2.0,Disinflation Normal,2023-08,2,Growth Risk-On
2023-09-30,307.276,5.33,3.7,90.79000091552734,1848.0999755859373,106.16999816894533,2.94859475004874,4.572999954223633,15.241000032424926,98.6348114013672,101.0211,74534.0,3.687206638119256,0.6799999999999997,0.2000000000000001,14.21562882807448,11.170593626364234,-5.306818080521413,1.0789999961853027,0.7895840196556386,0.8867730395112728,-0.2672476942852109,-3.133406979010977,2.0,Disinflation Normal,2023-09,2,Growth Risk-On
2023-10-31,307.696,5.33,3.9,81.0199966430664,1985.199951171875,106.66000366210938,2.94859475004874,4.875,18.88772730393844,197.8870086669922,100.4689,74163.0,3.2512659098611785,0.5,0.5,-6.367736292570925,21.35215609419181,-4.366533820935992,1.4230000972747798,1.0278436691122692,1.709026621902174,-0.7742988102069082,-3.872924524633514,2.0,Disinflation Normal,2023-10,3,Inflation Shock
2023-11-30,308.148,5.33,3.7,75.95999908447266,2038.0999755859373,103.5,2.94859475004874,4.352000236511231,14.077142897106352,156.69613647460938,100.8639,74284.0,3.133346274591186,0.2700000000000004,0.1,-5.698328731702008,16.72966641385667,-2.3124087010960914,0.7150001525878915,0.800012692718002,1.3154371362691606,-0.0904361538583531,-2.8751487258606434,2.0,Disinflation Normal,2023-11,2,Growth Risk-On
2023-12-31,308.741,5.33,3.8,71.6500015258789,2062.39990234375,101.33000183105467,2.94859475004874,3.865999937057495,12.718499994277954,142.2794647216797,100.6031,74073.0,3.3159099427102934,0.25,0.1999999999999997,-10.72763566058378,13.33736097621907,-2.115528287315116,0.0469999313354492,0.7552254175055433,1.168991842735423,0.8386591076755323,-2.6802254542588,2.0,Disinflation Normal,2023-12,2,Growth Risk-On
2024-01-31,309.698,5.33,3.7,75.8499984741211,2048.39990234375,103.2699966430664,2.87194964204316,3.9670000076293945,13.395238149733771,160.3736572265625,99.2223,73668.0,3.0883429864855705,0.2099999999999999,0.2000000000000001,-3.829091121201733,6.162213130020722,1.1459335812251448,0.0079998970031738,0.8231393663872167,1.268911381519418,-1.2762549126908995,-2.290602825121024,2.0,Disinflation Normal,2024-01,2,Growth Risk-On
2024-02-29,310.967,5.33,3.9,78.26000213623047,2045.699951171875,104.16000366210938,2.87194964204316,4.251999855041504,13.944000101089475,146.59817504882812,100.285,73969.0,3.157074141648697,0.0,0.1999999999999997,1.570407575013144,11.854115799865571,-0.6770278114594741,0.1589999198913574,0.8845744753715057,1.1406602439269409,-0.3543266402759926,-0.3019152750259435,2.0,Disinflation Normal,2024-02,2,Growth Risk-On
2024-03-31,312.345,5.33,3.9,83.16999816894531,2217.39990234375,104.5500030517578,2.87194964204316,4.205999851226807,13.787499904632568,133.21316528320312,100.4575,73986.0,3.4868349120836584,0.0,0.1999999999999997,9.911457884874086,12.615535924009658,1.9900506028828868,-0.3670001029968261,0.9125491955879336,1.0181387833079212,-0.557312624665296,0.1814439690191127,2.0,Disinflation Normal,2024-03,2,Growth Risk-On
2024-04-30,313.023,5.33,3.9,81.93000030517578,2291.39990234375,106.22000122070312,2.87194964204316,4.685999870300293,16.137727087194268,163.9473419189453,100.2434,74040.0,3.3607951262196734,0.0,0.0,6.707477999162936,15.139939221852527,4.475266188356808,-0.189000129699707,1.0780937525480063,1.2090390424996047,-0.997106258579994,-0.515962592712027,2.0,Disinflation Normal,2024-04,2,Growth Risk-On
2024-05-31,313.175,5.33,3.9,76.98999786376953,2322.89990234375,104.66999816894533,2.87194964204316,4.513999938964844,13.090454535050826,130.52186584472656,100.863,73137.0,3.244278584003113,0.0,0.1999999999999997,13.070938470481664,18.279946711482765,0.3355046732601563,0.1619997024536124,0.8972646302855568,0.9496697805095052,-0.0649964430300298,-2.95370407229012,2.0,Disinflation Normal,2024-05,2,Growth Risk-On
2024-06-30,313.044,5.33,4.1,81.54000091552734,2327.699951171875,105.87000274658205,2.87194964204316,4.3429999351501465,12.676842037000156,113.0927963256836,100.894,73544.0,2.9702579486470926,0.0,0.2999999999999998,15.430353369278471,21.16495657452311,2.876298687337941,0.4769999980926513,0.8755025214336305,0.8215796723721307,0.7734749239909133,-1.6383795423236869,2.0,Disinflation Normal,2024-06,2,Growth Risk-On
2024-07-31,313.569,5.33,4.2,77.91000366210938,2426.5,104.0999984741211,2.87194964204316,4.109000205993652,14.470000050284646,92.3948745727539,99.9757,73430.0,2.9414757935583014,0.0,0.5,-4.755500298926751,23.14133468662776,2.1990946891295104,0.1420001983642578,0.9963274942662296,0.6773898569821523,-0.9226344732312096,-2.275751929731173,2.0,Disinflation Normal,2024-07,2,Growth Risk-On
2024-08-31,314.062,5.33,4.2,73.55000305175781,2493.800048828125,101.6999969482422,2.87194964204316,3.91100001335144,19.31227272207087,140.97506713867188,100.4309,73738.0,2.607144490692037,0.0,0.3000000000000002,-12.05308445857708,28.66577812677804,-1.852929692576344,-0.3409998416900639,1.3038671800071633,1.008998158048957,-0.4050008280501727,-0.8724642746716471,1.0,Growth Risk-On,2024-08,2,Growth Risk-On
2024-09-30,314.732,5.13,4.1,68.16999816894531,2636.10009765625,100.77999877929688,2.87194964204316,3.802000045776367,17.768999814987183,130.35877990722656,99.8084,74487.0,2.4264830315416708,-0.2000000000000001,0.1999999999999997,-24.91464094997432,42.63839253720452,-5.076763193563871,-0.4039998054504394,1.182849340430908,0.9156882618331942,-1.2004422838397089,-0.06305846996002,1.0,Growth Risk-On,2024-09,2,Growth Risk-On
2024-10-31,315.631,4.83,4.1,69.26000213623047,2738.300048828125,103.9800033569336,2.87194964204316,4.283999919891357,19.96086958180303,130.689208984375,99.4695,73440.0,2.578844053871343,-0.5,0.1999999999999997,-14.514928405446115,37.93573021255065,-2.5126572409146064,-0.4019999504089355,1.320894637210288,0.955597936831345,-0.9947356843759692,-0.9748796569718056,1.0,Growth Risk-On,2024-10,2,Growth Risk-On
2024-11-30,316.528,4.64,4.2,68.0,2657.0,105.73999786376952,2.87194964204316,4.177999973297119,16.121000051498413,128.90164184570312,99.2925,74311.0,2.719472461284833,-0.6900000000000004,0.3000000000000002,-10.479198499753274,30.366519396877667,2.1642491437386724,-0.3359999656677246,1.0549046225945906,0.9587649920914382,-1.5579409481489392,0.0363469926229154,1.0,Growth Risk-On,2024-11,2,Growth Risk-On
2024-12-31,317.604,4.48,4.1,71.72000122070312,2629.199951171875,108.48999786376952,2.87194964204316,4.572999954223633,15.866190592447916,142.36643981933594,100.3273,74595.0,2.870690967509981,-0.8499999999999996,0.0,0.0976967108631932,27.482548277082586,7.066017865718144,0.2300000190734863,1.020710715761844,1.058858510453759,-0.2741466217243804,0.7047102182981657,2.0,Disinflation Normal,2024-12,2,Growth Risk-On
2025-01-31,318.961,4.33,4.0,72.52999877929688,2812.5,108.37000274658205,2.87194964204316,4.568999767303467,16.74600019454956,113.233154296875,100.0647,75971.0,2.9909783078999608,-1.0,-0.2000000000000001,-4.377059672528471,37.30229125582254,4.938516770890256,0.4599995613098144,1.058300175993501,0.8675249623116922,0.849002693950851,3.126187761307486,1.0,Growth Risk-On,2025-01,2,Growth Risk-On
2025-02-28,319.679,4.33,4.2,69.76000213623047,2836.800048828125,107.61000061035156,2.87194964204316,4.230999946594238,17.052105351498252,136.9805908203125,101.0993,75561.0,2.8015834477613355,-1.0,0.0,-10.861231494989854,38.6713651336341,3.312208935239513,0.3199999332427983,1.0602896761003693,1.0559475594993557,0.8119858403550007,2.1522529708391414,1.0,Growth Risk-On,2025-02,2,Growth Risk-On
2025-03-31,319.785,4.33,4.2,71.4800033569336,3122.800048828125,104.20999908447266,2.87194964204316,4.245999813079834,21.841428756713867,175.30819702148438,101.0404,75781.0,2.381981462805549,-0.7999999999999998,0.1000000000000005,-14.055542947428634,40.831612986335216,-0.325207037169406,0.4439997673034668,1.3036812213993891,1.3158230507637805,0.5802453773984029,2.4261346741275336,1.0,Growth Risk-On,2025-03,3,Inflation Shock
2025-04-30,320.302,4.33,4.2,58.209999084472656,3305.0,99.47000122070312,2.87194964204316,4.177000045776367,31.966190701439267,140.97369384765625,101.1279,74631.0,2.32538823025783,-0.5,0.1000000000000005,-28.951545383070943,44.23497167035282,-6.354735381686638,-0.1069998741149902,1.7687560477561686,1.073542509891922,0.8823523543694645,0.7982171799027604,1.0,Growth Risk-On,2025-04,3,Inflation Shock
2025-05-31,320.62,4.33,4.3,60.790000915527344,3288.89990234375,99.33000183105467,2.87194964204316,4.415999889373779,20.45714278448196,166.0472412109375,100.9655,76049.0,2.377265107368088,-0.3099999999999996,0.0999999999999996,-21.04169034646213,41.58595034703516,-5.101744942492015,0.2379999160766601,1.094750095812862,1.2366040326411152,0.101622993565531,3.981568836566996,1.0,Growth Risk-On,2025-05,3,Inflation Shock
2025-06-30,321.435,4.33,4.1,65.11000061035156,3294.39990234375,96.87999725341795,2.87194964204316,4.230000019073486,18.21500015258789,221.1349029541016,101.4785,75608.0,2.680453865910226,-0.1500000000000003,0.0,-20.14961996652012,41.53026470122114,-8.491551204247349,-0.3429999351501465,0.9512693213837248,1.5433725236909472,0.5793208714095943,2.806483193734355,1.0,Growth Risk-On,2025-06,3,Inflation Shock
2025-07-31,322.169,4.33,4.3,69.26000213623047,3293.199951171875,100.02999877929688,2.87194964204316,4.360000133514404,16.331363461234353,134.2220001220703,101.894,76154.0,2.742618052167134,0.0,0.2999999999999998,-11.102555665885216,35.71811049544096,-3.90970197356536,-0.2089996337890625,0.8460437589094646,0.9145311760535793,1.9187662602012208,3.709655454174032,1.0,Growth Risk-On,2025-07,3,Inflation Shock
2025-08-31,323.291,4.33,4.3,64.01000213623047,3473.699951171875,97.7699966430664,2.87194964204316,4.227000236511231,15.749999954586936,138.98846435546875,101.6247,76806.0,2.9385917430316155,0.0,0.0999999999999996,-12.970768891489993,39.293443065101386,-3.8643072006933066,-0.0039997100830069,0.8286700835790711,0.9480772403003754,1.1886779865559305,4.160676991510481,1.0,Growth Risk-On,2025-08,3,Inflation Shock
2025-09-30,324.245,4.22,4.4,62.369998931884766,3840.800048828125,97.7699966430664,2.87194964204316,4.1479997634887695,15.773333458673386,125.86952209472656,101.668,77591.0,3.022571584713329,-0.1100000000000003,0.2000000000000001,-8.5081405205358,45.70008370482481,-2.986705866927253,-0.0980000495910644,0.8372234527807213,0.8607860625519241,1.8631698334008016,4.167170110220586,1.0,Growth Risk-On,2025-09,3,Inflation Shock
2025-10-31,324.245,4.09,4.4,60.97999954223633,3982.199951171875,99.8000030517578,2.87194964204316,4.10099983215332,18.086521770643152,154.51292419433594,101.2195,77948.0,2.729136238202212,-0.2400000000000002,0.2000000000000001,-11.954955730015492,45.42598985367165,-4.020004010604861,-0.0760002136230468,0.9680293697786504,1.0425159793616443,1.7593332629600056,6.1383442265795285,1.0,Growth Risk-On,2025-10,3,Inflation Shock
2025-11-30,325.063,3.88,4.5,58.54999923706055,4218.2998046875,99.45999908447266,2.87194964204316,4.017000198364258,19.904210642764443,104.35176849365234,101.0344,78621.0,2.696443916493952,-0.4500000000000002,0.2000000000000001,-13.89705994549919,58.76175403415507,-5.939094861140171,-0.3989996910095215,1.047638336290531,0.7139276779190958,1.7543117556713783,5.799948863559901,1.0,Growth Risk-On,2025-11,3,Inflation Shock
2025-12-31,326.031,3.72,4.4,57.41999816894531,4325.60009765625,98.27999877929688,2.87194964204316,4.163000106811523,15.548181880604137,130.9558563232422,101.5203,79262.0,2.653304114557753,-0.6099999999999999,0.3000000000000007,-19.93865422248472,64.52153423052755,-9.41100496406434,-0.0669999122619628,0.8195061730911255,0.901807546719185,1.1891080493544814,6.256451504792548,1.0,Growth Risk-On,2025-12,3,Inflation Shock
2026-01-31,326.588,3.64,4.3,65.20999908447266,4713.89990234375,96.98999786376952,2.87194964204316,4.241000175476074,16.04599995613098,168.62986755371094,101.4737,78990.0,2.391201432150014,-0.69,0.0,-10.092375317830085,67.60532986111112,-10.501065418835609,-0.11899995803833,0.8483532839943521,1.1254652473006472,1.4080889664387142,3.9738847718208334,1.0,Growth Risk-On,2026-01,3,Inflation Shock
2026-02-28,327.46,3.64,4.4,67.0199966430664,5230.5,97.61000061035156,2.87194964204316,3.961999893188477,19.23947384482936,120.74515533447266,102.1009,80235.0,2.4340041103732224,-0.69,0.1000000000000005,-3.9277600476749663,84.38028447442767,-9.292816600019648,-0.2650003433227543,1.0074831881595807,0.8132175258914495,0.990709134484602,6.185730734108863,1.0,Growth Risk-On,2026-02,3,Inflation Shock
2026-03-31,330.293,3.64,4.3,101.37999725341795,4647.60009765625,99.95999908447266,2.87194964204316,4.310999870300293,25.59681831706654,329.653564453125,101.806,83296.0,3.2859577528651984,-0.5799999999999996,-0.1000000000000005,41.82987198137009,48.827975694451766,-4.078303461604438,0.1630001068115234,1.318776489835831,2.0432175515283086,0.7577167152940767,9.916733745925765,1.0,Growth Risk-On,2026-03,3,Inflation Shock
2026-04-30,332.407,3.64,4.3,105.06999969482422,4614.7001953125,98.08000183105467,2.87194964204316,4.389999866485596,19.81190490722656,250.80728149414065,102.4963,82487.0,3.779245836741562,-0.4499999999999997,-0.1000000000000005,80.50163433665357,39.62784252080183,-1.3974056223889364,0.2890000343322754,1.0769292965906865,1.4710690120155294,1.353137956983197,10.526456834291388,1.0,Growth Risk-On,2026-04,3,Inflation Shock
2026-05-31,332.407,3.63,4.3,87.36000061035156,4560.5,98.91000366210938,2.87194964204316,4.453000068664551,17.237142926170712,184.1770477294922,102.4963,82487.0,3.676314640384248,-0.25,-0.2000000000000001,43.70784552503197,38.663387011264064,-0.4228311297725051,0.4359998703002929,0.9508401280044744,1.070771703235659,1.5161614610931462,8.465594550881672,1.0,Growth Risk-On,2026-05,3,Inflation Shock
2026-06-30,332.407,3.63,4.3,95.11000061035156,4487.2001953125,99.45800018310548,2.87194964204316,4.491000175476074,15.959999720255531,184.1770477294922,102.4963,82487.0,3.413442842254266,-0.0900000000000003,-0.1000000000000005,46.07587116998189,36.20690651794127,2.6610270466296715,0.3280000686645508,0.8896116328411581,1.0902939818853667,1.002971072690273,9.098243572108778,1.0,Growth Risk-On,2026-06,3,Inflation Shock
